config_id,config_name,components,tp,fp,tn,fn,tpr,tpr_ci_low,tpr_ci_high,far,far_ci_low,far_ci_high,accuracy,precision,recall,f1,avg_latency_ms
A,Signature-only,v1,160,0,200,40,0.8,0.7391448134346212,0.8495479907390189,0.0,1.734723475976807e-18,0.018845326377266575,0.9,1.0,0.8,0.8888888888888888,0.003275275230407715
B,Rules-only,v2,88,0,200,112,0.44,0.37297819251185865,0.5092832466534134,0.0,1.734723475976807e-18,0.018845326377266575,0.72,1.0,0.44,0.6111111111111112,0.0024455785751342773
C,Classifier-only,v3,172,122,78,28,0.86,0.8051011913429243,0.9013301736654437,0.61,0.5409374595716976,0.6749165686253038,0.625,0.5850340136054422,0.86,0.6963562753036437,0.0021398067474365234
D,Signature + Rules,"v1, v2",168,0,200,32,0.84,0.7828592983793289,0.8843258796841297,0.0,1.734723475976807e-18,0.018845326377266575,0.92,1.0,0.84,0.9130434782608695,0.0029832124710083008
E,Signature + Classifier,"v1, v3",184,122,78,16,0.92,0.874010511732856,0.9501594141102401,0.61,0.5409374595716976,0.6749165686253038,0.655,0.6013071895424836,0.92,0.7272727272727273,0.0024008750915527344
F,Rules + Classifier,"v2, v3",176,122,78,24,0.88,0.8276574790170326,0.9180200729362449,0.61,0.5409374595716976,0.6749165686253038,0.635,0.5906040268456376,0.88,0.7068273092369478,0.0023609399795532227
G,All three combined,"v1, v2, v3",184,122,78,16,0.92,0.874010511732856,0.9501594141102401,0.61,0.5409374595716976,0.6749165686253038,0.655,0.6013071895424836,0.92,0.7272727272727273,0.003261566162109375
