version,tp_successful,fn_successful,tp_failed,fn_failed,fp,tn,tpr,tpr_ci_low,tpr_ci_high,far,far_ci_low,far_ci_high,accuracy,precision,f1
v1,55,15,105,225,0,200,0.7857142857142857,0.676088137365211,0.8656129698289221,0.0,1.734723475976807e-18,0.018845326377266575,0.9444444444444444,1.0,0.88
v2,57,13,111,219,0,200,0.8142857142857143,0.7077442179325669,0.8881269999809797,0.0,1.734723475976807e-18,0.018845326377266575,0.9518518518518518,1.0,0.8976377952755905
v3,57,13,111,219,0,200,0.8142857142857143,0.7077442179325669,0.8881269999809797,0.0,1.734723475976807e-18,0.018845326377266575,0.9518518518518518,1.0,0.8976377952755905
